dist_group,main_mode,share
0 - 1000,car,0.004975124378109453
20000+,car,0.9950248756218906
